path,size_bytes,category,sha256_available,notes
artifacts/audit/.gitkeep,1,artifacts,not_computed,inventory only; content hashes can be added by release packaging
artifacts/audit/acceptance-local/tool_versions.json,925,artifacts,not_computed,inventory only; content hashes can be added by release packaging
artifacts/audit/artifact_inventory.csv,68199,artifacts,not_computed,inventory only; content hashes can be added by release packaging
artifacts/audit/debug_evidence_report.md,2316,artifacts,not_computed,inventory only; content hashes can be added by release packaging
artifacts/audit/debug_evidence_summary.csv,1878,artifacts,not_computed,inventory only; content hashes can be added by release packaging
artifacts/audit/evidence_readiness_report.md,2864,artifacts,not_computed,inventory only; content hashes can be added by release packaging
artifacts/audit/evidence_readiness_summary.csv,1367,artifacts,not_computed,inventory only; content hashes can be added by release packaging
artifacts/audit/evidence_readiness_summary.json,3955,artifacts,not_computed,inventory only; content hashes can be added by release packaging
artifacts/audit/final-audit-individual/tool_versions.json,885,artifacts,not_computed,inventory only; content hashes can be added by release packaging
artifacts/audit/final-audit-run-all/tool_versions.json,882,artifacts,not_computed,inventory only; content hashes can be added by release packaging
artifacts/audit/final-new-chat-complete/tool_versions.json,841,artifacts,not_computed,inventory only; content hashes can be added by release packaging
artifacts/audit/final-publication-check/tool_versions.json,886,artifacts,not_computed,inventory only; content hashes can be added by release packaging
artifacts/audit/final-publication-check-run-all/tool_versions.json,894,artifacts,not_computed,inventory only; content hashes can be added by release packaging
artifacts/audit/final-real-evidence/tool_versions.json,882,artifacts,not_computed,inventory only; content hashes can be added by release packaging
artifacts/audit/final_audit_report.md,2608,artifacts,not_computed,inventory only; content hashes can be added by release packaging
artifacts/audit/known_limitations.md,142,artifacts,not_computed,inventory only; content hashes can be added by release packaging
artifacts/audit/new_chat_precheck_report.md,3617,artifacts,not_computed,inventory only; content hashes can be added by release packaging
artifacts/audit/publication_readiness_score.csv,292,artifacts,not_computed,inventory only; content hashes can be added by release packaging
artifacts/audit/reproducibility_checklist.csv,551,artifacts,not_computed,inventory only; content hashes can be added by release packaging
artifacts/audit/tool_availability_summary.csv,850,artifacts,not_computed,inventory only; content hashes can be added by release packaging
artifacts/audit/vscode-check/tool_versions.json,830,artifacts,not_computed,inventory only; content hashes can be added by release packaging
artifacts/evaluation/.gitkeep,1,artifacts,not_computed,inventory only; content hashes can be added by release packaging
artifacts/evaluation/ablation_results.csv,790,artifacts,not_computed,inventory only; content hashes can be added by release packaging
artifacts/evaluation/acceptance-local/metrics.json,234,artifacts,not_computed,inventory only; content hashes can be added by release packaging
artifacts/evaluation/acceptance-local/scores.csv,148,artifacts,not_computed,inventory only; content hashes can be added by release packaging
artifacts/evaluation/acceptance-local/scores.json,143,artifacts,not_computed,inventory only; content hashes can be added by release packaging
artifacts/evaluation/baseline_comparison.csv,857,artifacts,not_computed,inventory only; content hashes can be added by release packaging
artifacts/evaluation/baseline_rankings.csv,78267,artifacts,not_computed,inventory only; content hashes can be added by release packaging
artifacts/evaluation/evaluation_notes.md,1992,artifacts,not_computed,inventory only; content hashes can be added by release packaging
artifacts/evaluation/evaluation_summary.json,2465,artifacts,not_computed,inventory only; content hashes can be added by release packaging
artifacts/evaluation/evidence_completeness.csv,26143,artifacts,not_computed,inventory only; content hashes can be added by release packaging
artifacts/evaluation/final-audit-individual/metrics.json,2887,artifacts,not_computed,inventory only; content hashes can be added by release packaging
artifacts/evaluation/final-audit-individual/scores.csv,122,artifacts,not_computed,inventory only; content hashes can be added by release packaging
artifacts/evaluation/final-audit-individual/scores.json,70,artifacts,not_computed,inventory only; content hashes can be added by release packaging
artifacts/evaluation/final-audit-run-all/metrics.json,2884,artifacts,not_computed,inventory only; content hashes can be added by release packaging
artifacts/evaluation/final-audit-run-all/scores.csv,122,artifacts,not_computed,inventory only; content hashes can be added by release packaging
artifacts/evaluation/final-audit-run-all/scores.json,67,artifacts,not_computed,inventory only; content hashes can be added by release packaging
artifacts/evaluation/final-new-chat-complete/metrics.json,2465,artifacts,not_computed,inventory only; content hashes can be added by release packaging
artifacts/evaluation/final-new-chat-complete/scores.csv,78474,artifacts,not_computed,inventory only; content hashes can be added by release packaging
artifacts/evaluation/final-new-chat-complete/scores.json,250378,artifacts,not_computed,inventory only; content hashes can be added by release packaging
artifacts/evaluation/final-publication-check/metrics.json,2888,artifacts,not_computed,inventory only; content hashes can be added by release packaging
artifacts/evaluation/final-publication-check/scores.csv,133,artifacts,not_computed,inventory only; content hashes can be added by release packaging
artifacts/evaluation/final-publication-check/scores.json,71,artifacts,not_computed,inventory only; content hashes can be added by release packaging
artifacts/evaluation/final-publication-check-run-all/metrics.json,2896,artifacts,not_computed,inventory only; content hashes can be added by release packaging
artifacts/evaluation/final-publication-check-run-all/scores.csv,133,artifacts,not_computed,inventory only; content hashes can be added by release packaging
artifacts/evaluation/final-publication-check-run-all/scores.json,79,artifacts,not_computed,inventory only; content hashes can be added by release packaging
artifacts/evaluation/final-real-evidence/metrics.json,2868,artifacts,not_computed,inventory only; content hashes can be added by release packaging
artifacts/evaluation/final-real-evidence/scores.csv,29970,artifacts,not_computed,inventory only; content hashes can be added by release packaging
artifacts/evaluation/final-real-evidence/scores.json,103166,artifacts,not_computed,inventory only; content hashes can be added by release packaging
artifacts/evaluation/local-eval-check/metrics.json,2881,artifacts,not_computed,inventory only; content hashes can be added by release packaging
artifacts/evaluation/metrics_summary.csv,1534,artifacts,not_computed,inventory only; content hashes can be added by release packaging
artifacts/evaluation/risk_scores.csv,78474,artifacts,not_computed,inventory only; content hashes can be added by release packaging
artifacts/evaluation/risk_scores.json,122137,artifacts,not_computed,inventory only; content hashes can be added by release packaging
artifacts/evaluation/runtime_summary.csv,3931,artifacts,not_computed,inventory only; content hashes can be added by release packaging
artifacts/evaluation/scanner_disagreement.csv,16411,artifacts,not_computed,inventory only; content hashes can be added by release packaging
artifacts/evaluation/score-local/scores.csv,122,artifacts,not_computed,inventory only; content hashes can be added by release packaging
artifacts/evaluation/score-local/scores.json,59,artifacts,not_computed,inventory only; content hashes can be added by release packaging
artifacts/evaluation/scoring_warnings.csv,15369,artifacts,not_computed,inventory only; content hashes can be added by release packaging
artifacts/evaluation/topk_comparison.csv,1199,artifacts,not_computed,inventory only; content hashes can be added by release packaging
artifacts/figures_data/.gitkeep,1,artifacts,not_computed,inventory only; content hashes can be added by release packaging
artifacts/figures_data/ablation_chart_data.csv,337,artifacts,not_computed,inventory only; content hashes can be added by release packaging
artifacts/figures_data/acceptance-local/score_distribution.csv,34,artifacts,not_computed,inventory only; content hashes can be added by release packaging
artifacts/figures_data/alert_reduction.csv,176,artifacts,not_computed,inventory only; content hashes can be added by release packaging
artifacts/figures_data/architecture_mermaid.md,405,artifacts,not_computed,inventory only; content hashes can be added by release packaging
artifacts/figures_data/pipeline_mermaid.md,250,artifacts,not_computed,inventory only; content hashes can be added by release packaging
artifacts/figures_data/risk_distribution.csv,160,artifacts,not_computed,inventory only; content hashes can be added by release packaging
artifacts/figures_data/runtime_chart_data.csv,1179,artifacts,not_computed,inventory only; content hashes can be added by release packaging
artifacts/figures_data/scanner_overlap.csv,74,artifacts,not_computed,inventory only; content hashes can be added by release packaging
artifacts/figures_data/topk_actionability.csv,1199,artifacts,not_computed,inventory only; content hashes can be added by release packaging
artifacts/figures_data/vex_status_distribution.csv,77,artifacts,not_computed,inventory only; content hashes can be added by release packaging
artifacts/normalized/.gitkeep,1,artifacts,not_computed,inventory only; content hashes can be added by release packaging
artifacts/normalized/acceptance-local/findings.json,57,artifacts,not_computed,inventory only; content hashes can be added by release packaging
artifacts/normalized/acceptance-local/normalization_report.json,168,artifacts,not_computed,inventory only; content hashes can be added by release packaging
artifacts/normalized/final-audit-individual/findings.json,63,artifacts,not_computed,inventory only; content hashes can be added by release packaging
artifacts/normalized/final-audit-individual/normalization_report.json,741,artifacts,not_computed,inventory only; content hashes can be added by release packaging
artifacts/normalized/final-audit-run-all/findings.json,60,artifacts,not_computed,inventory only; content hashes can be added by release packaging
artifacts/normalized/final-audit-run-all/normalization_report.json,738,artifacts,not_computed,inventory only; content hashes can be added by release packaging
artifacts/normalized/final-new-chat-complete/findings.json,139426,artifacts,not_computed,inventory only; content hashes can be added by release packaging
artifacts/normalized/final-new-chat-complete/normalization_report.json,718,artifacts,not_computed,inventory only; content hashes can be added by release packaging
artifacts/normalized/final-publication-check/findings.json,64,artifacts,not_computed,inventory only; content hashes can be added by release packaging
artifacts/normalized/final-publication-check/normalization_report.json,911,artifacts,not_computed,inventory only; content hashes can be added by release packaging
artifacts/normalized/final-publication-check-run-all/findings.json,72,artifacts,not_computed,inventory only; content hashes can be added by release packaging
artifacts/normalized/final-publication-check-run-all/normalization_report.json,919,artifacts,not_computed,inventory only; content hashes can be added by release packaging
artifacts/normalized/final-real-evidence/findings.json,59898,artifacts,not_computed,inventory only; content hashes can be added by release packaging
artifacts/normalized/final-real-evidence/normalization_report.json,912,artifacts,not_computed,inventory only; content hashes can be added by release packaging
artifacts/normalized/findings_normalized.csv,44587,artifacts,not_computed,inventory only; content hashes can be added by release packaging
artifacts/normalized/findings_normalized.json,139426,artifacts,not_computed,inventory only; content hashes can be added by release packaging
artifacts/normalized/normalization_summary.json,718,artifacts,not_computed,inventory only; content hashes can be added by release packaging
artifacts/normalized/normalization_warnings.csv,77212,artifacts,not_computed,inventory only; content hashes can be added by release packaging
artifacts/normalized/normalize-local/findings.json,56,artifacts,not_computed,inventory only; content hashes can be added by release packaging
artifacts/normalized/normalize-local/normalization_report.json,734,artifacts,not_computed,inventory only; content hashes can be added by release packaging
artifacts/normalized/parser_coverage_summary.csv,449,artifacts,not_computed,inventory only; content hashes can be added by release packaging
artifacts/reachability/.gitkeep,1,artifacts,not_computed,inventory only; content hashes can be added by release packaging
artifacts/reachability/acceptance-local/reachability.json,3197,artifacts,not_computed,inventory only; content hashes can be added by release packaging
artifacts/reachability/context_enrichment.csv,14092,artifacts,not_computed,inventory only; content hashes can be added by release packaging
artifacts/reachability/dependency_graphs/case_001.json,2494,artifacts,not_computed,inventory only; content hashes can be added by release packaging
artifacts/reachability/dependency_graphs/case_002.json,2492,artifacts,not_computed,inventory only; content hashes can be added by release packaging
artifacts/reachability/dependency_graphs/case_003.json,2494,artifacts,not_computed,inventory only; content hashes can be added by release packaging
artifacts/reachability/dependency_graphs/case_004.json,2492,artifacts,not_computed,inventory only; content hashes can be added by release packaging
artifacts/reachability/dependency_graphs/case_005.json,2494,artifacts,not_computed,inventory only; content hashes can be added by release packaging
artifacts/reachability/dependency_graphs/case_006.json,2492,artifacts,not_computed,inventory only; content hashes can be added by release packaging
artifacts/reachability/dependency_graphs/case_007.json,2494,artifacts,not_computed,inventory only; content hashes can be added by release packaging
artifacts/reachability/dependency_graphs/case_008.json,2492,artifacts,not_computed,inventory only; content hashes can be added by release packaging
artifacts/reachability/dependency_graphs/case_009.json,1916,artifacts,not_computed,inventory only; content hashes can be added by release packaging
artifacts/reachability/dependency_graphs/case_010.json,1928,artifacts,not_computed,inventory only; content hashes can be added by release packaging
artifacts/reachability/dependency_graphs/case_011.json,1916,artifacts,not_computed,inventory only; content hashes can be added by release packaging
artifacts/reachability/dependency_graphs/case_012.json,1928,artifacts,not_computed,inventory only; content hashes can be added by release packaging
artifacts/reachability/dependency_graphs/case_013.json,1916,artifacts,not_computed,inventory only; content hashes can be added by release packaging
artifacts/reachability/dependency_graphs/case_014.json,1928,artifacts,not_computed,inventory only; content hashes can be added by release packaging
artifacts/reachability/dependency_graphs/case_015.json,1916,artifacts,not_computed,inventory only; content hashes can be added by release packaging
artifacts/reachability/dependency_graphs/case_016.json,1928,artifacts,not_computed,inventory only; content hashes can be added by release packaging
artifacts/reachability/dependency_graphs/case_017.json,3441,artifacts,not_computed,inventory only; content hashes can be added by release packaging
artifacts/reachability/dependency_graphs/case_018.json,3446,artifacts,not_computed,inventory only; content hashes can be added by release packaging
artifacts/reachability/dependency_graphs/case_019.json,3441,artifacts,not_computed,inventory only; content hashes can be added by release packaging
artifacts/reachability/dependency_graphs/case_020.json,3446,artifacts,not_computed,inventory only; content hashes can be added by release packaging
artifacts/reachability/dependency_graphs/case_021.json,3441,artifacts,not_computed,inventory only; content hashes can be added by release packaging
artifacts/reachability/dependency_graphs/case_022.json,3446,artifacts,not_computed,inventory only; content hashes can be added by release packaging
artifacts/reachability/dependency_graphs/case_023.json,3441,artifacts,not_computed,inventory only; content hashes can be added by release packaging
artifacts/reachability/dependency_graphs/case_024.json,3446,artifacts,not_computed,inventory only; content hashes can be added by release packaging
artifacts/reachability/dependency_graphs/case_025.json,1915,artifacts,not_computed,inventory only; content hashes can be added by release packaging
artifacts/reachability/dependency_graphs/case_026.json,1931,artifacts,not_computed,inventory only; content hashes can be added by release packaging
artifacts/reachability/dependency_graphs/case_027.json,1915,artifacts,not_computed,inventory only; content hashes can be added by release packaging
artifacts/reachability/dependency_graphs/case_028.json,1931,artifacts,not_computed,inventory only; content hashes can be added by release packaging
artifacts/reachability/dependency_graphs/case_029.json,1915,artifacts,not_computed,inventory only; content hashes can be added by release packaging
artifacts/reachability/dependency_graphs/case_030.json,1931,artifacts,not_computed,inventory only; content hashes can be added by release packaging
artifacts/reachability/dependency_graphs/case_031.json,1915,artifacts,not_computed,inventory only; content hashes can be added by release packaging
artifacts/reachability/dependency_graphs/case_032.json,2494,artifacts,not_computed,inventory only; content hashes can be added by release packaging
artifacts/reachability/dependency_graphs/case_033.json,2492,artifacts,not_computed,inventory only; content hashes can be added by release packaging
artifacts/reachability/dependency_graphs/case_034.json,2494,artifacts,not_computed,inventory only; content hashes can be added by release packaging
artifacts/reachability/dependency_graphs/case_035.json,2492,artifacts,not_computed,inventory only; content hashes can be added by release packaging
artifacts/reachability/dependency_graphs/case_036.json,2494,artifacts,not_computed,inventory only; content hashes can be added by release packaging
artifacts/reachability/dependency_graphs/case_037.json,2492,artifacts,not_computed,inventory only; content hashes can be added by release packaging
artifacts/reachability/dependency_graphs/case_038.json,2494,artifacts,not_computed,inventory only; content hashes can be added by release packaging
artifacts/reachability/dependency_graphs/case_039.json,2080,artifacts,not_computed,inventory only; content hashes can be added by release packaging
artifacts/reachability/dependency_graphs/case_040.json,2088,artifacts,not_computed,inventory only; content hashes can be added by release packaging
artifacts/reachability/dependency_graphs/case_041.json,2054,artifacts,not_computed,inventory only; content hashes can be added by release packaging
artifacts/reachability/dependency_graphs/case_042.json,2080,artifacts,not_computed,inventory only; content hashes can be added by release packaging
artifacts/reachability/dependency_graphs/case_043.json,2088,artifacts,not_computed,inventory only; content hashes can be added by release packaging
artifacts/reachability/dependency_graphs/case_044.json,2054,artifacts,not_computed,inventory only; content hashes can be added by release packaging
artifacts/reachability/dependency_graphs/case_045.json,1908,artifacts,not_computed,inventory only; content hashes can be added by release packaging
artifacts/reachability/dependency_graphs/case_046.json,2539,artifacts,not_computed,inventory only; content hashes can be added by release packaging
artifacts/reachability/dependency_graphs/case_047.json,1908,artifacts,not_computed,inventory only; content hashes can be added by release packaging
artifacts/reachability/dependency_graphs/case_048.json,2539,artifacts,not_computed,inventory only; content hashes can be added by release packaging
artifacts/reachability/dependency_graphs/case_049.json,1908,artifacts,not_computed,inventory only; content hashes can be added by release packaging
artifacts/reachability/dependency_graphs/case_050.json,2539,artifacts,not_computed,inventory only; content hashes can be added by release packaging
artifacts/reachability/final-audit-individual/reachability.json,25596,artifacts,not_computed,inventory only; content hashes can be added by release packaging
artifacts/reachability/final-audit-run-all/reachability.json,25593,artifacts,not_computed,inventory only; content hashes can be added by release packaging
artifacts/reachability/final-new-chat-complete/reachability.json,25403,artifacts,not_computed,inventory only; content hashes can be added by release packaging
artifacts/reachability/final-publication-check/reachability.json,25603,artifacts,not_computed,inventory only; content hashes can be added by release packaging
artifacts/reachability/final-publication-check-run-all/reachability.json,25611,artifacts,not_computed,inventory only; content hashes can be added by release packaging
artifacts/reachability/final-real-evidence/reachability.json,25599,artifacts,not_computed,inventory only; content hashes can be added by release packaging
artifacts/reachability/reachability-local/reachability.json,25592,artifacts,not_computed,inventory only; content hashes can be added by release packaging
artifacts/reachability/reachability_matrix.csv,15741,artifacts,not_computed,inventory only; content hashes can be added by release packaging
artifacts/reachability/reachability_matrix.json,39824,artifacts,not_computed,inventory only; content hashes can be added by release packaging
artifacts/reachability/reachability_summary.json,25403,artifacts,not_computed,inventory only; content hashes can be added by release packaging
artifacts/reports/.gitkeep,1,artifacts,not_computed,inventory only; content hashes can be added by release packaging
artifacts/reports/acceptance-local/report.html,1213,artifacts,not_computed,inventory only; content hashes can be added by release packaging
artifacts/reports/acceptance-local/report.md,831,artifacts,not_computed,inventory only; content hashes can be added by release packaging
artifacts/reports/docs-final-check/report.html,11265,artifacts,not_computed,inventory only; content hashes can be added by release packaging
artifacts/reports/docs-final-check/report.md,8324,artifacts,not_computed,inventory only; content hashes can be added by release packaging
artifacts/reports/final-audit-individual/report.html,11271,artifacts,not_computed,inventory only; content hashes can be added by release packaging
artifacts/reports/final-audit-individual/report.md,8330,artifacts,not_computed,inventory only; content hashes can be added by release packaging
artifacts/reports/final-audit-run-all/report.html,11268,artifacts,not_computed,inventory only; content hashes can be added by release packaging
artifacts/reports/final-audit-run-all/report.md,8327,artifacts,not_computed,inventory only; content hashes can be added by release packaging
artifacts/reports/final-new-chat-complete/report.html,10956,artifacts,not_computed,inventory only; content hashes can be added by release packaging
artifacts/reports/final-new-chat-complete/report.md,7879,artifacts,not_computed,inventory only; content hashes can be added by release packaging
artifacts/reports/final-publication-check/report.html,11500,artifacts,not_computed,inventory only; content hashes can be added by release packaging
artifacts/reports/final-publication-check/report.md,8539,artifacts,not_computed,inventory only; content hashes can be added by release packaging
artifacts/reports/final-publication-check-run-all/report.html,11508,artifacts,not_computed,inventory only; content hashes can be added by release packaging
artifacts/reports/final-publication-check-run-all/report.md,8547,artifacts,not_computed,inventory only; content hashes can be added by release packaging
artifacts/reports/final-real-evidence/report.html,11335,artifacts,not_computed,inventory only; content hashes can be added by release packaging
artifacts/reports/final-real-evidence/report.md,8382,artifacts,not_computed,inventory only; content hashes can be added by release packaging
artifacts/reports/local-report-check/report.html,11267,artifacts,not_computed,inventory only; content hashes can be added by release packaging
artifacts/reports/local-report-check/report.md,8326,artifacts,not_computed,inventory only; content hashes can be added by release packaging
artifacts/reports/report.html,10956,artifacts,not_computed,inventory only; content hashes can be added by release packaging
artifacts/reports/report.md,7879,artifacts,not_computed,inventory only; content hashes can be added by release packaging
artifacts/reports/tables/table_01_testbed_taxonomy.csv,656,artifacts,not_computed,inventory only; content hashes can be added by release packaging
artifacts/reports/tables/table_02_scanner_tool_capability_matrix.csv,889,artifacts,not_computed,inventory only; content hashes can be added by release packaging
artifacts/reports/tables/table_03_ground_truth_label_distribution.csv,118,artifacts,not_computed,inventory only; content hashes can be added by release packaging
artifacts/reports/tables/table_04_normalized_finding_schema.csv,2978,artifacts,not_computed,inventory only; content hashes can be added by release packaging
artifacts/reports/tables/table_05_risk_scoring_factors.csv,2318,artifacts,not_computed,inventory only; content hashes can be added by release packaging
artifacts/reports/tables/table_06_baseline_comparison_results.csv,857,artifacts,not_computed,inventory only; content hashes can be added by release packaging
artifacts/reports/tables/table_07_scanner_disagreement_matrix.csv,134,artifacts,not_computed,inventory only; content hashes can be added by release packaging
artifacts/reports/tables/table_08_ablation_study_results.csv,790,artifacts,not_computed,inventory only; content hashes can be added by release packaging
artifacts/reports/tables/table_09_runtime_summary.csv,3931,artifacts,not_computed,inventory only; content hashes can be added by release packaging
artifacts/reports/tables/table_10_limitations.csv,889,artifacts,not_computed,inventory only; content hashes can be added by release packaging
artifacts/sbom/.gitkeep,1,artifacts,not_computed,inventory only; content hashes can be added by release packaging
artifacts/sbom/acceptance-local/index.json,648,artifacts,not_computed,inventory only; content hashes can be added by release packaging
artifacts/sbom/acceptance-local/js-basic-import.cyclonedx.json,820,artifacts,not_computed,inventory only; content hashes can be added by release packaging
artifacts/sbom/acceptance-local/python-basic-import.cyclonedx.json,834,artifacts,not_computed,inventory only; content hashes can be added by release packaging
artifacts/sbom/cyclonedx/case_002.json,4187,artifacts,not_computed,inventory only; content hashes can be added by release packaging
artifacts/sbom/cyclonedx/case_004.json,4187,artifacts,not_computed,inventory only; content hashes can be added by release packaging
artifacts/sbom/cyclonedx/case_006.json,4187,artifacts,not_computed,inventory only; content hashes can be added by release packaging
artifacts/sbom/cyclonedx/case_008.json,4187,artifacts,not_computed,inventory only; content hashes can be added by release packaging
artifacts/sbom/cyclonedx/case_010.json,4198,artifacts,not_computed,inventory only; content hashes can be added by release packaging
artifacts/sbom/cyclonedx/case_012.json,4198,artifacts,not_computed,inventory only; content hashes can be added by release packaging
artifacts/sbom/cyclonedx/case_014.json,4198,artifacts,not_computed,inventory only; content hashes can be added by release packaging
artifacts/sbom/cyclonedx/case_016.json,4198,artifacts,not_computed,inventory only; content hashes can be added by release packaging
artifacts/sbom/cyclonedx/case_018.json,4186,artifacts,not_computed,inventory only; content hashes can be added by release packaging
artifacts/sbom/cyclonedx/case_020.json,4186,artifacts,not_computed,inventory only; content hashes can be added by release packaging
artifacts/sbom/cyclonedx/case_022.json,4186,artifacts,not_computed,inventory only; content hashes can be added by release packaging
artifacts/sbom/cyclonedx/case_024.json,4186,artifacts,not_computed,inventory only; content hashes can be added by release packaging
artifacts/sbom/cyclonedx/case_026.json,3668,artifacts,not_computed,inventory only; content hashes can be added by release packaging
artifacts/sbom/cyclonedx/case_028.json,3668,artifacts,not_computed,inventory only; content hashes can be added by release packaging
artifacts/sbom/cyclonedx/case_030.json,3668,artifacts,not_computed,inventory only; content hashes can be added by release packaging
artifacts/sbom/cyclonedx/case_033.json,4187,artifacts,not_computed,inventory only; content hashes can be added by release packaging
artifacts/sbom/cyclonedx/case_035.json,4187,artifacts,not_computed,inventory only; content hashes can be added by release packaging
artifacts/sbom/cyclonedx/case_037.json,4187,artifacts,not_computed,inventory only; content hashes can be added by release packaging
artifacts/sbom/cyclonedx/case_046.json,4196,artifacts,not_computed,inventory only; content hashes can be added by release packaging
artifacts/sbom/cyclonedx/case_048.json,4196,artifacts,not_computed,inventory only; content hashes can be added by release packaging
artifacts/sbom/cyclonedx/case_050.json,4196,artifacts,not_computed,inventory only; content hashes can be added by release packaging
artifacts/sbom/index.json,19313,artifacts,not_computed,inventory only; content hashes can be added by release packaging
artifacts/sbom/internal/case_001.json,1028,artifacts,not_computed,inventory only; content hashes can be added by release packaging
artifacts/sbom/internal/case_002.json,1031,artifacts,not_computed,inventory only; content hashes can be added by release packaging
artifacts/sbom/internal/case_003.json,1028,artifacts,not_computed,inventory only; content hashes can be added by release packaging
artifacts/sbom/internal/case_004.json,1031,artifacts,not_computed,inventory only; content hashes can be added by release packaging
artifacts/sbom/internal/case_005.json,1028,artifacts,not_computed,inventory only; content hashes can be added by release packaging
artifacts/sbom/internal/case_006.json,1031,artifacts,not_computed,inventory only; content hashes can be added by release packaging
artifacts/sbom/internal/case_007.json,1028,artifacts,not_computed,inventory only; content hashes can be added by release packaging
artifacts/sbom/internal/case_008.json,1031,artifacts,not_computed,inventory only; content hashes can be added by release packaging
artifacts/sbom/internal/case_009.json,1028,artifacts,not_computed,inventory only; content hashes can be added by release packaging
artifacts/sbom/internal/case_010.json,1034,artifacts,not_computed,inventory only; content hashes can be added by release packaging
artifacts/sbom/internal/case_011.json,1028,artifacts,not_computed,inventory only; content hashes can be added by release packaging
artifacts/sbom/internal/case_012.json,1034,artifacts,not_computed,inventory only; content hashes can be added by release packaging
artifacts/sbom/internal/case_013.json,1028,artifacts,not_computed,inventory only; content hashes can be added by release packaging
artifacts/sbom/internal/case_014.json,1034,artifacts,not_computed,inventory only; content hashes can be added by release packaging
artifacts/sbom/internal/case_015.json,1028,artifacts,not_computed,inventory only; content hashes can be added by release packaging
artifacts/sbom/internal/case_016.json,1034,artifacts,not_computed,inventory only; content hashes can be added by release packaging
artifacts/sbom/internal/case_017.json,1283,artifacts,not_computed,inventory only; content hashes can be added by release packaging
artifacts/sbom/internal/case_018.json,1290,artifacts,not_computed,inventory only; content hashes can be added by release packaging
artifacts/sbom/internal/case_019.json,1283,artifacts,not_computed,inventory only; content hashes can be added by release packaging
artifacts/sbom/internal/case_020.json,1290,artifacts,not_computed,inventory only; content hashes can be added by release packaging
artifacts/sbom/internal/case_021.json,1283,artifacts,not_computed,inventory only; content hashes can be added by release packaging
artifacts/sbom/internal/case_022.json,1290,artifacts,not_computed,inventory only; content hashes can be added by release packaging
artifacts/sbom/internal/case_023.json,1283,artifacts,not_computed,inventory only; content hashes can be added by release packaging
artifacts/sbom/internal/case_024.json,1290,artifacts,not_computed,inventory only; content hashes can be added by release packaging
artifacts/sbom/internal/case_025.json,1032,artifacts,not_computed,inventory only; content hashes can be added by release packaging
artifacts/sbom/internal/case_026.json,1041,artifacts,not_computed,inventory only; content hashes can be added by release packaging
artifacts/sbom/internal/case_027.json,1032,artifacts,not_computed,inventory only; content hashes can be added by release packaging
artifacts/sbom/internal/case_028.json,1041,artifacts,not_computed,inventory only; content hashes can be added by release packaging
artifacts/sbom/internal/case_029.json,1032,artifacts,not_computed,inventory only; content hashes can be added by release packaging
artifacts/sbom/internal/case_030.json,1041,artifacts,not_computed,inventory only; content hashes can be added by release packaging
artifacts/sbom/internal/case_031.json,1032,artifacts,not_computed,inventory only; content hashes can be added by release packaging
artifacts/sbom/internal/case_032.json,1028,artifacts,not_computed,inventory only; content hashes can be added by release packaging
artifacts/sbom/internal/case_033.json,1031,artifacts,not_computed,inventory only; content hashes can be added by release packaging
artifacts/sbom/internal/case_034.json,1028,artifacts,not_computed,inventory only; content hashes can be added by release packaging
artifacts/sbom/internal/case_035.json,1031,artifacts,not_computed,inventory only; content hashes can be added by release packaging
artifacts/sbom/internal/case_036.json,1028,artifacts,not_computed,inventory only; content hashes can be added by release packaging
artifacts/sbom/internal/case_037.json,1031,artifacts,not_computed,inventory only; content hashes can be added by release packaging
artifacts/sbom/internal/case_038.json,1028,artifacts,not_computed,inventory only; content hashes can be added by release packaging
artifacts/sbom/internal/case_039.json,1083,artifacts,not_computed,inventory only; content hashes can be added by release packaging
artifacts/sbom/internal/case_040.json,1085,artifacts,not_computed,inventory only; content hashes can be added by release packaging
artifacts/sbom/internal/case_041.json,1072,artifacts,not_computed,inventory only; content hashes can be added by release packaging
artifacts/sbom/internal/case_042.json,1083,artifacts,not_computed,inventory only; content hashes can be added by release packaging
artifacts/sbom/internal/case_043.json,1085,artifacts,not_computed,inventory only; content hashes can be added by release packaging
artifacts/sbom/internal/case_044.json,1072,artifacts,not_computed,inventory only; content hashes can be added by release packaging
artifacts/sbom/internal/case_045.json,1026,artifacts,not_computed,inventory only; content hashes can be added by release packaging
artifacts/sbom/internal/case_046.json,1033,artifacts,not_computed,inventory only; content hashes can be added by release packaging
artifacts/sbom/internal/case_047.json,1026,artifacts,not_computed,inventory only; content hashes can be added by release packaging
artifacts/sbom/internal/case_048.json,1033,artifacts,not_computed,inventory only; content hashes can be added by release packaging
artifacts/sbom/internal/case_049.json,1026,artifacts,not_computed,inventory only; content hashes can be added by release packaging
artifacts/sbom/internal/case_050.json,1033,artifacts,not_computed,inventory only; content hashes can be added by release packaging
artifacts/sbom/sbom_generation_metadata.csv,25303,artifacts,not_computed,inventory only; content hashes can be added by release packaging
artifacts/sbom/sbom_tool_summary.csv,489,artifacts,not_computed,inventory only; content hashes can be added by release packaging
artifacts/scanner_raw/.gitkeep,1,artifacts,not_computed,inventory only; content hashes can be added by release packaging
artifacts/scanner_raw/acceptance-local/grype/tool_unavailable.json,182,artifacts,not_computed,inventory only; content hashes can be added by release packaging
artifacts/scanner_raw/acceptance-local/index.json,2298,artifacts,not_computed,inventory only; content hashes can be added by release packaging
artifacts/scanner_raw/acceptance-local/npm-audit/js-basic-import.skipped.json,221,artifacts,not_computed,inventory only; content hashes can be added by release packaging
artifacts/scanner_raw/acceptance-local/npm-audit/python-basic-import.skipped.json,197,artifacts,not_computed,inventory only; content hashes can be added by release packaging
artifacts/scanner_raw/acceptance-local/osv/tool_unavailable.json,186,artifacts,not_computed,inventory only; content hashes can be added by release packaging
artifacts/scanner_raw/acceptance-local/pip-audit/tool_unavailable.json,190,artifacts,not_computed,inventory only; content hashes can be added by release packaging
artifacts/scanner_raw/acceptance-local/trivy/tool_unavailable.json,182,artifacts,not_computed,inventory only; content hashes can be added by release packaging
artifacts/scanner_raw/index.json,198287,artifacts,not_computed,inventory only; content hashes can be added by release packaging
artifacts/scanner_raw/npm_audit/case_001.json,3494,artifacts,not_computed,inventory only; content hashes can be added by release packaging
artifacts/scanner_raw/npm_audit/case_001.stderr.txt,0,artifacts,not_computed,inventory only; content hashes can be added by release packaging
artifacts/scanner_raw/npm_audit/case_001.stdout.txt,3494,artifacts,not_computed,inventory only; content hashes can be added by release packaging
artifacts/scanner_raw/npm_audit/case_003.json,3494,artifacts,not_computed,inventory only; content hashes can be added by release packaging
artifacts/scanner_raw/npm_audit/case_003.stderr.txt,0,artifacts,not_computed,inventory only; content hashes can be added by release packaging
artifacts/scanner_raw/npm_audit/case_003.stdout.txt,3494,artifacts,not_computed,inventory only; content hashes can be added by release packaging
artifacts/scanner_raw/npm_audit/case_005.json,3494,artifacts,not_computed,inventory only; content hashes can be added by release packaging
artifacts/scanner_raw/npm_audit/case_005.stderr.txt,0,artifacts,not_computed,inventory only; content hashes can be added by release packaging
artifacts/scanner_raw/npm_audit/case_005.stdout.txt,3494,artifacts,not_computed,inventory only; content hashes can be added by release packaging
artifacts/scanner_raw/npm_audit/case_007.json,3494,artifacts,not_computed,inventory only; content hashes can be added by release packaging
artifacts/scanner_raw/npm_audit/case_007.stderr.txt,0,artifacts,not_computed,inventory only; content hashes can be added by release packaging
artifacts/scanner_raw/npm_audit/case_007.stdout.txt,3494,artifacts,not_computed,inventory only; content hashes can be added by release packaging
artifacts/scanner_raw/npm_audit/case_009.json,1765,artifacts,not_computed,inventory only; content hashes can be added by release packaging
artifacts/scanner_raw/npm_audit/case_009.stderr.txt,0,artifacts,not_computed,inventory only; content hashes can be added by release packaging
artifacts/scanner_raw/npm_audit/case_009.stdout.txt,1765,artifacts,not_computed,inventory only; content hashes can be added by release packaging
artifacts/scanner_raw/npm_audit/case_011.json,1765,artifacts,not_computed,inventory only; content hashes can be added by release packaging
artifacts/scanner_raw/npm_audit/case_011.stderr.txt,0,artifacts,not_computed,inventory only; content hashes can be added by release packaging
artifacts/scanner_raw/npm_audit/case_011.stdout.txt,1765,artifacts,not_computed,inventory only; content hashes can be added by release packaging
artifacts/scanner_raw/npm_audit/case_013.json,1765,artifacts,not_computed,inventory only; content hashes can be added by release packaging
artifacts/scanner_raw/npm_audit/case_013.stderr.txt,0,artifacts,not_computed,inventory only; content hashes can be added by release packaging
artifacts/scanner_raw/npm_audit/case_013.stdout.txt,1765,artifacts,not_computed,inventory only; content hashes can be added by release packaging
artifacts/scanner_raw/npm_audit/case_015.json,1765,artifacts,not_computed,inventory only; content hashes can be added by release packaging
artifacts/scanner_raw/npm_audit/case_015.stderr.txt,0,artifacts,not_computed,inventory only; content hashes can be added by release packaging
artifacts/scanner_raw/npm_audit/case_015.stdout.txt,1765,artifacts,not_computed,inventory only; content hashes can be added by release packaging
artifacts/scanner_raw/npm_audit/case_017.json,3239,artifacts,not_computed,inventory only; content hashes can be added by release packaging
artifacts/scanner_raw/npm_audit/case_017.stderr.txt,0,artifacts,not_computed,inventory only; content hashes can be added by release packaging
artifacts/scanner_raw/npm_audit/case_017.stdout.txt,3239,artifacts,not_computed,inventory only; content hashes can be added by release packaging
artifacts/scanner_raw/npm_audit/case_019.json,3239,artifacts,not_computed,inventory only; content hashes can be added by release packaging
artifacts/scanner_raw/npm_audit/case_019.stderr.txt,0,artifacts,not_computed,inventory only; content hashes can be added by release packaging
artifacts/scanner_raw/npm_audit/case_019.stdout.txt,3239,artifacts,not_computed,inventory only; content hashes can be added by release packaging
artifacts/scanner_raw/npm_audit/case_021.json,3239,artifacts,not_computed,inventory only; content hashes can be added by release packaging
artifacts/scanner_raw/npm_audit/case_021.stderr.txt,0,artifacts,not_computed,inventory only; content hashes can be added by release packaging
artifacts/scanner_raw/npm_audit/case_021.stdout.txt,3239,artifacts,not_computed,inventory only; content hashes can be added by release packaging
artifacts/scanner_raw/npm_audit/case_023.json,3239,artifacts,not_computed,inventory only; content hashes can be added by release packaging
artifacts/scanner_raw/npm_audit/case_023.stderr.txt,0,artifacts,not_computed,inventory only; content hashes can be added by release packaging
artifacts/scanner_raw/npm_audit/case_023.stdout.txt,3239,artifacts,not_computed,inventory only; content hashes can be added by release packaging
artifacts/scanner_raw/npm_audit/case_025.json,1765,artifacts,not_computed,inventory only; content hashes can be added by release packaging
artifacts/scanner_raw/npm_audit/case_025.stderr.txt,0,artifacts,not_computed,inventory only; content hashes can be added by release packaging
artifacts/scanner_raw/npm_audit/case_025.stdout.txt,1765,artifacts,not_computed,inventory only; content hashes can be added by release packaging
artifacts/scanner_raw/npm_audit/case_027.json,1765,artifacts,not_computed,inventory only; content hashes can be added by release packaging
artifacts/scanner_raw/npm_audit/case_027.stderr.txt,0,artifacts,not_computed,inventory only; content hashes can be added by release packaging
artifacts/scanner_raw/npm_audit/case_027.stdout.txt,1765,artifacts,not_computed,inventory only; content hashes can be added by release packaging
artifacts/scanner_raw/npm_audit/case_029.json,1765,artifacts,not_computed,inventory only; content hashes can be added by release packaging
artifacts/scanner_raw/npm_audit/case_029.stderr.txt,0,artifacts,not_computed,inventory only; content hashes can be added by release packaging
artifacts/scanner_raw/npm_audit/case_029.stdout.txt,1765,artifacts,not_computed,inventory only; content hashes can be added by release packaging
artifacts/scanner_raw/npm_audit/case_031.json,1765,artifacts,not_computed,inventory only; content hashes can be added by release packaging
artifacts/scanner_raw/npm_audit/case_031.stderr.txt,0,artifacts,not_computed,inventory only; content hashes can be added by release packaging
artifacts/scanner_raw/npm_audit/case_031.stdout.txt,1765,artifacts,not_computed,inventory only; content hashes can be added by release packaging
artifacts/scanner_raw/npm_audit/case_032.json,2416,artifacts,not_computed,inventory only; content hashes can be added by release packaging
artifacts/scanner_raw/npm_audit/case_032.stderr.txt,0,artifacts,not_computed,inventory only; content hashes can be added by release packaging
artifacts/scanner_raw/npm_audit/case_032.stdout.txt,2416,artifacts,not_computed,inventory only; content hashes can be added by release packaging
artifacts/scanner_raw/npm_audit/case_034.json,2416,artifacts,not_computed,inventory only; content hashes can be added by release packaging
artifacts/scanner_raw/npm_audit/case_034.stderr.txt,0,artifacts,not_computed,inventory only; content hashes can be added by release packaging
artifacts/scanner_raw/npm_audit/case_034.stdout.txt,2416,artifacts,not_computed,inventory only; content hashes can be added by release packaging
artifacts/scanner_raw/npm_audit/case_036.json,2416,artifacts,not_computed,inventory only; content hashes can be added by release packaging
artifacts/scanner_raw/npm_audit/case_036.stderr.txt,0,artifacts,not_computed,inventory only; content hashes can be added by release packaging
artifacts/scanner_raw/npm_audit/case_036.stdout.txt,2416,artifacts,not_computed,inventory only; content hashes can be added by release packaging
artifacts/scanner_raw/npm_audit/case_038.json,2416,artifacts,not_computed,inventory only; content hashes can be added by release packaging
artifacts/scanner_raw/npm_audit/case_038.stderr.txt,0,artifacts,not_computed,inventory only; content hashes can be added by release packaging
artifacts/scanner_raw/npm_audit/case_038.stdout.txt,2416,artifacts,not_computed,inventory only; content hashes can be added by release packaging
artifacts/scanner_raw/npm_audit/case_045.json,1300,artifacts,not_computed,inventory only; content hashes can be added by release packaging
artifacts/scanner_raw/npm_audit/case_045.stderr.txt,0,artifacts,not_computed,inventory only; content hashes can be added by release packaging
artifacts/scanner_raw/npm_audit/case_045.stdout.txt,1300,artifacts,not_computed,inventory only; content hashes can be added by release packaging
artifacts/scanner_raw/npm_audit/case_047.json,1300,artifacts,not_computed,inventory only; content hashes can be added by release packaging
artifacts/scanner_raw/npm_audit/case_047.stderr.txt,0,artifacts,not_computed,inventory only; content hashes can be added by release packaging
artifacts/scanner_raw/npm_audit/case_047.stdout.txt,1300,artifacts,not_computed,inventory only; content hashes can be added by release packaging
artifacts/scanner_raw/npm_audit/case_049.json,1300,artifacts,not_computed,inventory only; content hashes can be added by release packaging
artifacts/scanner_raw/npm_audit/case_049.stderr.txt,0,artifacts,not_computed,inventory only; content hashes can be added by release packaging
artifacts/scanner_raw/npm_audit/case_049.stdout.txt,1300,artifacts,not_computed,inventory only; content hashes can be added by release packaging
artifacts/scanner_raw/pip_audit/case_002.json,1316,artifacts,not_computed,inventory only; content hashes can be added by release packaging
artifacts/scanner_raw/pip_audit/case_002.stderr.txt,280,artifacts,not_computed,inventory only; content hashes can be added by release packaging
artifacts/scanner_raw/pip_audit/case_002.stdout.txt,1316,artifacts,not_computed,inventory only; content hashes can be added by release packaging
artifacts/scanner_raw/pip_audit/case_004.json,1316,artifacts,not_computed,inventory only; content hashes can be added by release packaging
artifacts/scanner_raw/pip_audit/case_004.stderr.txt,280,artifacts,not_computed,inventory only; content hashes can be added by release packaging
artifacts/scanner_raw/pip_audit/case_004.stdout.txt,1316,artifacts,not_computed,inventory only; content hashes can be added by release packaging
artifacts/scanner_raw/pip_audit/case_006.json,1316,artifacts,not_computed,inventory only; content hashes can be added by release packaging
artifacts/scanner_raw/pip_audit/case_006.stderr.txt,280,artifacts,not_computed,inventory only; content hashes can be added by release packaging
artifacts/scanner_raw/pip_audit/case_006.stdout.txt,1316,artifacts,not_computed,inventory only; content hashes can be added by release packaging
artifacts/scanner_raw/pip_audit/case_008.json,1316,artifacts,not_computed,inventory only; content hashes can be added by release packaging
artifacts/scanner_raw/pip_audit/case_008.stderr.txt,280,artifacts,not_computed,inventory only; content hashes can be added by release packaging
artifacts/scanner_raw/pip_audit/case_008.stdout.txt,1316,artifacts,not_computed,inventory only; content hashes can be added by release packaging
artifacts/scanner_raw/pip_audit/case_010.json,6935,artifacts,not_computed,inventory only; content hashes can be added by release packaging
artifacts/scanner_raw/pip_audit/case_010.stderr.txt,280,artifacts,not_computed,inventory only; content hashes can be added by release packaging
artifacts/scanner_raw/pip_audit/case_010.stdout.txt,6935,artifacts,not_computed,inventory only; content hashes can be added by release packaging
artifacts/scanner_raw/pip_audit/case_012.json,6935,artifacts,not_computed,inventory only; content hashes can be added by release packaging
artifacts/scanner_raw/pip_audit/case_012.stderr.txt,280,artifacts,not_computed,inventory only; content hashes can be added by release packaging
artifacts/scanner_raw/pip_audit/case_012.stdout.txt,6935,artifacts,not_computed,inventory only; content hashes can be added by release packaging
artifacts/scanner_raw/pip_audit/case_014.json,6935,artifacts,not_computed,inventory only; content hashes can be added by release packaging
artifacts/scanner_raw/pip_audit/case_014.stderr.txt,280,artifacts,not_computed,inventory only; content hashes can be added by release packaging
artifacts/scanner_raw/pip_audit/case_014.stdout.txt,6935,artifacts,not_computed,inventory only; content hashes can be added by release packaging
artifacts/scanner_raw/pip_audit/case_016.json,6935,artifacts,not_computed,inventory only; content hashes can be added by release packaging
artifacts/scanner_raw/pip_audit/case_016.stderr.txt,280,artifacts,not_computed,inventory only; content hashes can be added by release packaging
artifacts/scanner_raw/pip_audit/case_016.stdout.txt,6935,artifacts,not_computed,inventory only; content hashes can be added by release packaging
artifacts/scanner_raw/pip_audit/case_018.json,7412,artifacts,not_computed,inventory only; content hashes can be added by release packaging
artifacts/scanner_raw/pip_audit/case_018.stderr.txt,282,artifacts,not_computed,inventory only; content hashes can be added by release packaging
artifacts/scanner_raw/pip_audit/case_018.stdout.txt,7412,artifacts,not_computed,inventory only; content hashes can be added by release packaging
artifacts/scanner_raw/pip_audit/case_020.json,7412,artifacts,not_computed,inventory only; content hashes can be added by release packaging
artifacts/scanner_raw/pip_audit/case_020.stderr.txt,282,artifacts,not_computed,inventory only; content hashes can be added by release packaging
artifacts/scanner_raw/pip_audit/case_020.stdout.txt,7412,artifacts,not_computed,inventory only; content hashes can be added by release packaging
artifacts/scanner_raw/pip_audit/case_022.json,7412,artifacts,not_computed,inventory only; content hashes can be added by release packaging
artifacts/scanner_raw/pip_audit/case_022.stderr.txt,282,artifacts,not_computed,inventory only; content hashes can be added by release packaging
artifacts/scanner_raw/pip_audit/case_022.stdout.txt,7412,artifacts,not_computed,inventory only; content hashes can be added by release packaging
artifacts/scanner_raw/pip_audit/case_024.json,7412,artifacts,not_computed,inventory only; content hashes can be added by release packaging
artifacts/scanner_raw/pip_audit/case_024.stderr.txt,282,artifacts,not_computed,inventory only; content hashes can be added by release packaging
artifacts/scanner_raw/pip_audit/case_024.stdout.txt,7412,artifacts,not_computed,inventory only; content hashes can be added by release packaging
artifacts/scanner_raw/pip_audit/case_026.json,16476,artifacts,not_computed,inventory only; content hashes can be added by release packaging
artifacts/scanner_raw/pip_audit/case_026.stderr.txt,281,artifacts,not_computed,inventory only; content hashes can be added by release packaging
artifacts/scanner_raw/pip_audit/case_026.stdout.txt,16476,artifacts,not_computed,inventory only; content hashes can be added by release packaging
artifacts/scanner_raw/pip_audit/case_028.json,16476,artifacts,not_computed,inventory only; content hashes can be added by release packaging
artifacts/scanner_raw/pip_audit/case_028.stderr.txt,281,artifacts,not_computed,inventory only; content hashes can be added by release packaging
artifacts/scanner_raw/pip_audit/case_028.stdout.txt,16476,artifacts,not_computed,inventory only; content hashes can be added by release packaging
artifacts/scanner_raw/pip_audit/case_030.json,16476,artifacts,not_computed,inventory only; content hashes can be added by release packaging
artifacts/scanner_raw/pip_audit/case_030.stderr.txt,281,artifacts,not_computed,inventory only; content hashes can be added by release packaging
artifacts/scanner_raw/pip_audit/case_030.stdout.txt,16476,artifacts,not_computed,inventory only; content hashes can be added by release packaging
artifacts/scanner_raw/pip_audit/case_033.json,86,artifacts,not_computed,inventory only; content hashes can be added by release packaging
artifacts/scanner_raw/pip_audit/case_033.stderr.txt,268,artifacts,not_computed,inventory only; content hashes can be added by release packaging
artifacts/scanner_raw/pip_audit/case_033.stdout.txt,86,artifacts,not_computed,inventory only; content hashes can be added by release packaging
artifacts/scanner_raw/pip_audit/case_035.json,86,artifacts,not_computed,inventory only; content hashes can be added by release packaging
artifacts/scanner_raw/pip_audit/case_035.stderr.txt,268,artifacts,not_computed,inventory only; content hashes can be added by release packaging
artifacts/scanner_raw/pip_audit/case_035.stdout.txt,86,artifacts,not_computed,inventory only; content hashes can be added by release packaging
artifacts/scanner_raw/pip_audit/case_037.json,86,artifacts,not_computed,inventory only; content hashes can be added by release packaging
artifacts/scanner_raw/pip_audit/case_037.stderr.txt,268,artifacts,not_computed,inventory only; content hashes can be added by release packaging
artifacts/scanner_raw/pip_audit/case_037.stdout.txt,86,artifacts,not_computed,inventory only; content hashes can be added by release packaging
artifacts/scanner_raw/pip_audit/case_046.json,88,artifacts,not_computed,inventory only; content hashes can be added by release packaging
artifacts/scanner_raw/pip_audit/case_046.stderr.txt,268,artifacts,not_computed,inventory only; content hashes can be added by release packaging
artifacts/scanner_raw/pip_audit/case_046.stdout.txt,88,artifacts,not_computed,inventory only; content hashes can be added by release packaging
artifacts/scanner_raw/pip_audit/case_048.json,88,artifacts,not_computed,inventory only; content hashes can be added by release packaging
artifacts/scanner_raw/pip_audit/case_048.stderr.txt,268,artifacts,not_computed,inventory only; content hashes can be added by release packaging
artifacts/scanner_raw/pip_audit/case_048.stdout.txt,88,artifacts,not_computed,inventory only; content hashes can be added by release packaging
artifacts/scanner_raw/pip_audit/case_050.json,88,artifacts,not_computed,inventory only; content hashes can be added by release packaging
artifacts/scanner_raw/pip_audit/case_050.stderr.txt,268,artifacts,not_computed,inventory only; content hashes can be added by release packaging
artifacts/scanner_raw/pip_audit/case_050.stdout.txt,88,artifacts,not_computed,inventory only; content hashes can be added by release packaging
artifacts/scanner_raw/scanner_execution_metadata.csv,60898,artifacts,not_computed,inventory only; content hashes can be added by release packaging
artifacts/scanner_raw/scanner_execution_metadata.json,198287,artifacts,not_computed,inventory only; content hashes can be added by release packaging
artifacts/scanner_raw/scanner_summary.csv,1380,artifacts,not_computed,inventory only; content hashes can be added by release packaging
artifacts/scanner_raw/scanner_summary.json,4288,artifacts,not_computed,inventory only; content hashes can be added by release packaging
artifacts/vex/.gitkeep,1,artifacts,not_computed,inventory only; content hashes can be added by release packaging
artifacts/vex/acceptance-local/openvex.json,341,artifacts,not_computed,inventory only; content hashes can be added by release packaging
artifacts/vex/case_001.vex.json,11472,artifacts,not_computed,inventory only; content hashes can be added by release packaging
artifacts/vex/case_002.vex.json,2769,artifacts,not_computed,inventory only; content hashes can be added by release packaging
artifacts/vex/case_003.vex.json,11472,artifacts,not_computed,inventory only; content hashes can be added by release packaging
artifacts/vex/case_004.vex.json,2769,artifacts,not_computed,inventory only; content hashes can be added by release packaging
artifacts/vex/case_005.vex.json,11472,artifacts,not_computed,inventory only; content hashes can be added by release packaging
artifacts/vex/case_006.vex.json,2769,artifacts,not_computed,inventory only; content hashes can be added by release packaging
artifacts/vex/case_007.vex.json,11472,artifacts,not_computed,inventory only; content hashes can be added by release packaging
artifacts/vex/case_008.vex.json,2769,artifacts,not_computed,inventory only; content hashes can be added by release packaging
artifacts/vex/case_009.vex.json,4912,artifacts,not_computed,inventory only; content hashes can be added by release packaging
artifacts/vex/case_010.vex.json,11691,artifacts,not_computed,inventory only; content hashes can be added by release packaging
artifacts/vex/case_011.vex.json,4912,artifacts,not_computed,inventory only; content hashes can be added by release packaging
artifacts/vex/case_012.vex.json,11691,artifacts,not_computed,inventory only; content hashes can be added by release packaging
artifacts/vex/case_013.vex.json,4912,artifacts,not_computed,inventory only; content hashes can be added by release packaging
artifacts/vex/case_014.vex.json,11691,artifacts,not_computed,inventory only; content hashes can be added by release packaging
artifacts/vex/case_015.vex.json,4912,artifacts,not_computed,inventory only; content hashes can be added by release packaging
artifacts/vex/case_016.vex.json,11691,artifacts,not_computed,inventory only; content hashes can be added by release packaging
artifacts/vex/case_017.vex.json,9364,artifacts,not_computed,inventory only; content hashes can be added by release packaging
artifacts/vex/case_018.vex.json,23011,artifacts,not_computed,inventory only; content hashes can be added by release packaging
artifacts/vex/case_019.vex.json,9364,artifacts,not_computed,inventory only; content hashes can be added by release packaging
artifacts/vex/case_020.vex.json,23011,artifacts,not_computed,inventory only; content hashes can be added by release packaging
artifacts/vex/case_021.vex.json,9364,artifacts,not_computed,inventory only; content hashes can be added by release packaging
artifacts/vex/case_022.vex.json,23011,artifacts,not_computed,inventory only; content hashes can be added by release packaging
artifacts/vex/case_023.vex.json,9364,artifacts,not_computed,inventory only; content hashes can be added by release packaging
artifacts/vex/case_024.vex.json,23011,artifacts,not_computed,inventory only; content hashes can be added by release packaging
artifacts/vex/case_025.vex.json,4863,artifacts,not_computed,inventory only; content hashes can be added by release packaging
artifacts/vex/case_026.vex.json,27032,artifacts,not_computed,inventory only; content hashes can be added by release packaging
artifacts/vex/case_027.vex.json,4863,artifacts,not_computed,inventory only; content hashes can be added by release packaging
artifacts/vex/case_028.vex.json,27032,artifacts,not_computed,inventory only; content hashes can be added by release packaging
artifacts/vex/case_029.vex.json,4863,artifacts,not_computed,inventory only; content hashes can be added by release packaging
artifacts/vex/case_030.vex.json,27032,artifacts,not_computed,inventory only; content hashes can be added by release packaging
artifacts/vex/case_031.vex.json,4863,artifacts,not_computed,inventory only; content hashes can be added by release packaging
artifacts/vex/case_032.vex.json,7124,artifacts,not_computed,inventory only; content hashes can be added by release packaging
artifacts/vex/case_033.vex.json,529,artifacts,not_computed,inventory only; content hashes can be added by release packaging
artifacts/vex/case_034.vex.json,7124,artifacts,not_computed,inventory only; content hashes can be added by release packaging
artifacts/vex/case_035.vex.json,529,artifacts,not_computed,inventory only; content hashes can be added by release packaging
artifacts/vex/case_036.vex.json,7124,artifacts,not_computed,inventory only; content hashes can be added by release packaging
artifacts/vex/case_037.vex.json,529,artifacts,not_computed,inventory only; content hashes can be added by release packaging
artifacts/vex/case_038.vex.json,7124,artifacts,not_computed,inventory only; content hashes can be added by release packaging
artifacts/vex/case_039.vex.json,529,artifacts,not_computed,inventory only; content hashes can be added by release packaging
artifacts/vex/case_040.vex.json,529,artifacts,not_computed,inventory only; content hashes can be added by release packaging
artifacts/vex/case_041.vex.json,529,artifacts,not_computed,inventory only; content hashes can be added by release packaging
artifacts/vex/case_042.vex.json,529,artifacts,not_computed,inventory only; content hashes can be added by release packaging
artifacts/vex/case_043.vex.json,529,artifacts,not_computed,inventory only; content hashes can be added by release packaging
artifacts/vex/case_044.vex.json,529,artifacts,not_computed,inventory only; content hashes can be added by release packaging
artifacts/vex/case_045.vex.json,2724,artifacts,not_computed,inventory only; content hashes can be added by release packaging
artifacts/vex/case_046.vex.json,529,artifacts,not_computed,inventory only; content hashes can be added by release packaging
artifacts/vex/case_047.vex.json,2724,artifacts,not_computed,inventory only; content hashes can be added by release packaging
artifacts/vex/case_048.vex.json,529,artifacts,not_computed,inventory only; content hashes can be added by release packaging
artifacts/vex/case_049.vex.json,2724,artifacts,not_computed,inventory only; content hashes can be added by release packaging
artifacts/vex/case_050.vex.json,529,artifacts,not_computed,inventory only; content hashes can be added by release packaging
artifacts/vex/final-audit-individual/openvex.json,299,artifacts,not_computed,inventory only; content hashes can be added by release packaging
artifacts/vex/final-audit-individual/vex_summary.json,530,artifacts,not_computed,inventory only; content hashes can be added by release packaging
artifacts/vex/final-audit-run-all/openvex.json,296,artifacts,not_computed,inventory only; content hashes can be added by release packaging
artifacts/vex/final-audit-run-all/vex_summary.json,527,artifacts,not_computed,inventory only; content hashes can be added by release packaging
artifacts/vex/final-new-chat-complete/openvex.json,107467,artifacts,not_computed,inventory only; content hashes can be added by release packaging
artifacts/vex/final-new-chat-complete/vex_summary.json,561,artifacts,not_computed,inventory only; content hashes can be added by release packaging
artifacts/vex/final-publication-check/openvex.json,300,artifacts,not_computed,inventory only; content hashes can be added by release packaging
artifacts/vex/final-publication-check/vex_summary.json,554,artifacts,not_computed,inventory only; content hashes can be added by release packaging
artifacts/vex/final-publication-check-run-all/openvex.json,308,artifacts,not_computed,inventory only; content hashes can be added by release packaging
artifacts/vex/final-publication-check-run-all/vex_summary.json,562,artifacts,not_computed,inventory only; content hashes can be added by release packaging
artifacts/vex/final-real-evidence/openvex.json,42718,artifacts,not_computed,inventory only; content hashes can be added by release packaging
artifacts/vex/final-real-evidence/vex_summary.json,553,artifacts,not_computed,inventory only; content hashes can be added by release packaging
artifacts/vex/local-vex-check/openvex.json,292,artifacts,not_computed,inventory only; content hashes can be added by release packaging
artifacts/vex/local-vex-check/vex_summary.json,523,artifacts,not_computed,inventory only; content hashes can be added by release packaging
artifacts/vex/vex_generation_warnings.csv,16394,artifacts,not_computed,inventory only; content hashes can be added by release packaging
artifacts/vex/vex_status_distribution.csv,77,artifacts,not_computed,inventory only; content hashes can be added by release packaging
artifacts/vex/vex_summary.csv,39610,artifacts,not_computed,inventory only; content hashes can be added by release packaging
docs/ethics.md,2057,docs,not_computed,inventory only; content hashes can be added by release packaging
docs/github_release_checklist.md,2687,docs,not_computed,inventory only; content hashes can be added by release packaging
docs/limitations.md,2264,docs,not_computed,inventory only; content hashes can be added by release packaging
docs/manuscript_support.md,8250,docs,not_computed,inventory only; content hashes can be added by release packaging
docs/methodology.md,5192,docs,not_computed,inventory only; content hashes can be added by release packaging
docs/reproducibility.md,3611,docs,not_computed,inventory only; content hashes can be added by release packaging
docs/scanner_installation.md,3667,docs,not_computed,inventory only; content hashes can be added by release packaging
docs/validation_protocol.md,3389,docs,not_computed,inventory only; content hashes can be added by release packaging
